tweet_id	tweet_text	class_label
870161518553251840	RT @TakasSriLanka: #FloodSL Update: Rs. 1,002,500 donated online from 23 countries! Data:  #FloodReliefLKA /	rescue_volunteering_or_donation_effort
873498581344419840	RT @japan_lanka: During their stay, the Expert Team members visited landslide and flood affected areas in Eheliyagoda,Kalutara and Rathnapu	rescue_volunteering_or_donation_effort
873648602345861120	Sri Lanka public helping flood victims, One of the best civilian relief efforts in the world, Take my lunch	rescue_volunteering_or_donation_effort
877815909334822912	#UNICEF rep for #SriLanka @TimSuttonUNICEF in Kaluthara w/ #Norwegian Ambassador &amp; govt officials to discuss #relief for #FloodSL victims.	other_relevant_information
877838559696367616	RT @TimSuttonUNICEF: #unicef Sri Lanka and #norwayaid will help rebuild these and other communities affected by #FloodSL	rescue_volunteering_or_donation_effort
870252659537784833	Flood Donations #workplace # visit #srilanka #president @ District	rescue_volunteering_or_donation_effort
872671646749827073	Cornwall rescue team deployed to  has been published on -  - #NaturalDisasterRescueTeamFromCornwall #Shelterbox	rescue_volunteering_or_donation_effort
870265394237513728	RT @lbolbr: Sri Lanka flood levels begin to reduce, more rain expected #SriLanka #lka #lbo -	caution_and_advice
871346537930133504	Quick question - how can civil society (or ordinary folk like myself) follow up on GOSLs mechanism of foreign aid distribution? #lka	rescue_volunteering_or_donation_effort
870165306840428544	RT @JChapagain: Rohingya camps in Bangladesh destroyed by Cyclone Mora - suffering gets worse! @Federation	infrastructure_and_utility_damage
870488568673652736	De-contaminating wells is vital post-floods to curb the spread of disease and restore a supply of clean-drinking water #FloodSL	requests_or_urgent_needs
870515836947120129	RT @angloyankophile: So sad to hear about the flood in #SriLanka - a country that is close to my heart and one that we love to visit.	sympathy_and_support
870014188411916288	἞E἟9 FM @angealfa announced #Italy will provide 200,000 euros for people struck by the floods in #SriLanka	rescue_volunteering_or_donation_effort
873397891196440582	Bravo #Israel for being among the first countries to help #SriLanka as it recovers from devastating floods that occurred over the weekend	rescue_volunteering_or_donation_effort
871882191416041475	Bangladesh announces $500000 cash assistance for Sri Lanka flood victims  #news	rescue_volunteering_or_donation_effort
872725954770198528	The @UNSriLanka seeks $22.7 million in funding to help with #floodsl relief &amp; recovery till Oct 2017  #lka #srilanka	rescue_volunteering_or_donation_effort
870530541464023040	Pakistan Navy conducts relief operations in flood-battered Sri Lanka  #news	rescue_volunteering_or_donation_effort
873567623023394816	RT @sabeshwaran: Students in #Jaffna praying for the victims of #FloodSL in Ponnailai varatharajah perumal Temple on Friday #lka .	sympathy_and_support
881384379469234176	RT @Vidiyallk: Government seeks #world aid for #FloodRelief; 4 ministers appointed to work out plans for donor conference in #Colombo short	rescue_volunteering_or_donation_effort
870528515803709440	Rs 1 million worth flood relief of essential items donated by #Mannar residents were handed over to flood affected people in #Galle #FloodSL	rescue_volunteering_or_donation_effort
870359598640660480	In #Gampaha our volunteers conducted a #firstaid camp for flood affected in Dompe &amp; Biyagama, supported by @CocaColaLK. #LKA #FloodSL	rescue_volunteering_or_donation_effort
873692777292419072	RT @ItsYakin: MPs in the JO have decided to contribute their June salary to assist post #FloodSL relief activities except few due to bank l	rescue_volunteering_or_donation_effort
875525110421172224	RT @lankawire: UN appeals for more resources for flood-hit Sri Lanka	rescue_volunteering_or_donation_effort
870867758866616320	Situation report 03 june 2017 @9.00am #211deaths #72injured #91missing #slfloods #SLFloods2017 #FloodSL #flooding #SriLanka #SriLankaFloods	injured_or_dead_people
871361624904409089	This #FloodSL aid adds to the approx LKR19 billion from @theOFDA &amp; the American people to #SriLanka since 2001. Read	rescue_volunteering_or_donation_effort
879639683424243712	Latest snapshot features update on #Marawi conflict #Philippines, #China, #Bangladesh #SriLanka #landslides #floods-	not_humanitarian
870500242558296064	RT @purefitblog: RT WHOSEARO: Responding to health needs of the 600 000+ people affected by the floods in #SriLanka is critical in the curr	rescue_volunteering_or_donation_effort
870245570039996416	RT @BreakDengue: At least 177 people have died in #SriLanka floods — and the survivors are at risk of #dengue fever	injured_or_dead_people
874162932837306368	ADB grants USD$ 2m as recent disaster relief aid #lka #srilanka #flood @ADB_HQ	rescue_volunteering_or_donation_effort
873383772124831744	Situation at 0900hours #10thJune2017 #SLFloods2017 #FloodSL #ContactUs on 117 on how to help or to donate #SriLanka #dmc_lk #MeteoLK	rescue_volunteering_or_donation_effort
870445588323500032	Lets Help Flood Affected School Children ! Donate Books, Stationery &amp; Shoes Call 0778386023 #LKA #SriLanak #FloodSL #FloodReliefLKA	rescue_volunteering_or_donation_effort
872145134921502720	People impacted by #SriLankaFloods receive hygiene supplies &amp; cooking kits from our Regional Advisor Joe &amp; partner @sarvodayalanka. #FloodSL	rescue_volunteering_or_donation_effort
872061058369953792	In #SriLanka, #Louisiana, #Peru, wherever - #floods turn the familiar into something barely recognizable &amp; deadly.	other_relevant_information
870111913832833024	Cyclone #Mora : #Indian Naval Ship (INS) Sumitra has rescued 10 #Bangladesh nationals &amp; will dock in Chittagong shortly with relief supplies	rescue_volunteering_or_donation_effort
870153442664210432	Chinese enterprises donate relief supplies to Sri Lanka flood victims  #srilanka #news #lka	rescue_volunteering_or_donation_effort
870981888386650112	RT @Sthumoe: Authorities and #NGOs were not present in the camp and refugees had to repair the damage themselves.  #	not_humanitarian
870160022482845696	RT @munza14: Urgent: Voice Foundation urgently need sugar for #FloodSL victims. Call Akash 0772512374 to contribute. #LKA #SriLanka #Flood	rescue_volunteering_or_donation_effort
870500162879102976	Responding to health needs of the 600 000+ people affected by the floods in #SriLanka is critical in the current disaster situation #FloodSL	requests_or_urgent_needs
869971260557582336	#PrayForSriLanka ἟1἟0! One of the Worst Flood ! 2017- 202 Deaths, 96 missing, 2016- 101 D, 109 missing 2003- 260 D #FloodSL #SriLanka #LKA	sympathy_and_support
870923274326290432	RT @SriLankaTweet: Israel Amb @danielocarmon delivers Israeli aid on behalf of the Israeli people following #SriLanka #FloodSL #LKA	rescue_volunteering_or_donation_effort
870714074044272641	Update: 206 Deaths 92 Missing 68 Injured 11,000 houses damaged 658,000 affected Due to landslides and flood in Sri Lanka. #PrayForSriLanka	injured_or_dead_people
871272107627425793	Government Donations #FloodSL #lka	rescue_volunteering_or_donation_effort
871932402511360000	.@ArmyROTC cadets &amp; @PacificCommand Augmentation Team disaster relief experts assist #FloodSL with @SLRedCross teams.	rescue_volunteering_or_donation_effort
869970009493196800	#SriLankan Government reconstruct the houses destroyed and damaged by the devastating floods and landslides in the countr #FloodSL	infrastructure_and_utility_damage
871683608284717056	RT @fonthillcharity: Devastated for our Charity Partner in Sri Lanka - Extra Cover. Schools severely damaged in the recent flooding. ὢ2 #su	infrastructure_and_utility_damage
872683944835256325	Proud of the big hearts &amp; hard work of students at our #Access Center English-language classes to help #FloodSL victims in Galle District	rescue_volunteering_or_donation_effort
870224110848102400	Donate now to help families recover:  #SriLanka #FloodSL #recovery	rescue_volunteering_or_donation_effort
872573329277898752	.@PScotlandCSG passed on condolences &amp; sympathies to PM @RW_UNP for those effected by recent flooding in #SriLanka at the #SaveOurOcean conf	sympathy_and_support
871726064531161089	Cornwall rescue team deployed to help Sri Lanka flood victims	rescue_volunteering_or_donation_effort
873672780008521728	RT @ItsYakin: Some countries have issued travel advisories on Sri Lanka following the severe flooding which affected the country #Tourism #	other_relevant_information
876965972736966656	RT @SurfaceWarriors: #USSLakeErie completes humanitarian relief mission in #SriLanka. #FloodSl #AroundTheFleet  htt	rescue_volunteering_or_donation_effort
871218302319775744	RT @350: Our thoughts are with the millions facing utter hardship in Sri Lanka after Cyclone Mora &amp; in Bangladesh who now face it’s fury. S	sympathy_and_support
875611009737662464	Support our deployment to #SriLanka to assist communities affected by flooding - thanks to those who have donated!  ὄD	rescue_volunteering_or_donation_effort
873906773777895428	Canada provides additional $200,000 in support of #SriLanka floods to @UNmigration, which brings Canada’s total response to $594,000 ἞8἞6 ἟1἟0	rescue_volunteering_or_donation_effort
870174841051262976	Thoughts. Sri Lanka is our second home. May the people and the country remain safe &amp; prosperous. @aanaseer @niumanaseer @Fareesha3	sympathy_and_support
873386361189007364	total damage caused by the recent floods and landslides owing to Cyclone Mora was around 8 billion rupees	infrastructure_and_utility_damage
870585981694394369	All schools except flood affected to re-open on Monday  via @colombogazette #srilanka #lka	other_relevant_information
870473541497614336	Collection point for Clean-up Operations @dmc_lk #FloodSL #SLFloods2017 #dmclk #lka Thanks @slgudppl for posting our requirements! :)	rescue_volunteering_or_donation_effort
874947778086096896	WHO-MOH assess areas affected by floods in #SriLanka ἟1἟0. Strengthening medical services &amp; providing mental health care is vital. #FloodSL	requests_or_urgent_needs
871235989552873473	Retweeted ECPAT Sri Lanka (@ecpatsl): @ecpatsl conducts medical programs for flood victims. More initiatives	requests_or_urgent_needs
870882851230818304	Government allocates Rs. 166 million so far for flood victims  #srilanka #LK #lka	rescue_volunteering_or_donation_effort
870037040632561664	Transnatnl Govt of #TamilEelam #TGTE express solidarity for those affected by #FloodSL;urges Tamil diaspora support	sympathy_and_support
870597109598351360	Cyclone Mora: Indian Navy rescues 33 Bangladeshis as heavy showers render 50,000 families homeless  via @dna #lka	rescue_volunteering_or_donation_effort
871417877441556481	Well cleaning activity began today by our volunteers of #Rathnapura branch today. Over 20 wells already cleaned in Elapatha #LKA #FloodSL	rescue_volunteering_or_donation_effort
870223478045192192	Well cleaning by our volunteers is currently underway in Suduwella GN Division in Hanwella. 68 wells cleaned so far. #LKA #FloodSL	rescue_volunteering_or_donation_effort
870505674110676992	We have given food packs to 500 families in flood hit #SriLanka. In addition, fitrana donations were delivered to 300 families. #Ramadan	rescue_volunteering_or_donation_effort
875746672504078336	RT @Madrid_exterior: SL FM #RaviKarunanayake, Adm. Wijeygunaratne &amp; I warmly thanked Captain &amp; crew of USS Lake Erie for #FloodSL relief wo	rescue_volunteering_or_donation_effort
870088889259761667	#FloodSL crisis map crowdsourced &amp; updated by volunteers: #lka citizens using #ICT in #disaster response @Google	rescue_volunteering_or_donation_effort
871941959799246849	RT @vishiru: Do you know by 05th June, 717K+ People in 184K+ familes have been affected, 212 reported dead, 79 missing due to #FloodSL #Fl	injured_or_dead_people
869986127561838592	RT @TimesArunachal: Over 200 Killed In Sri Lankas Worst Flood Since 2003 COLOMBO, May 31 (PTI): At least 202 have died in Sri Lankas floo	injured_or_dead_people
871148082771017728	RT @TheWatchers_: 1.3 million children need humanitarian assistance after storms in Bay  #storm #flood #SriLanka #B	requests_or_urgent_needs
871943485468946432	Mission Flood Relief A couple of days ago Sri Lanka was glowing in the after-light of joyous Wesak celebrations.	rescue_volunteering_or_donation_effort
872360657689169920	RT @vikalpavoices: SL floods seen in before-and-after NASA animated image - See more at:  #FloodSL #srilanka	other_relevant_information
869967987444375553	May God bless our motherland. #FloodSL Ὁ4 heal the world.	sympathy_and_support
870508788268191745	RT @SriLankaMother: Three Chinese Navy ships arrive at Sri Lankas Colombo port with flood relief: SL must grant permission to Chinese subm	other_relevant_information
879230855549513728	RT @AmanthaP: Despite rains in South-west, recent floods, 840,000 in #SriLanka hit by drought -	other_relevant_information
869966460994629632	PakNavy continues to provide Humanitarian Assistance and Disaster Relief (HADR)Operations in Flood Stricken Sri Lanka through PNSZULFIQUAR.	rescue_volunteering_or_donation_effort
870492535658913792	ALERT - We are appealing for support as waterborne disease threaten flood survivors.  #LKA #FloodSL #FloodReliefLKA	requests_or_urgent_needs
870589109319946241	#CycloneMora : Massive landslide on NH 54 in Mizoram due to heavy rains, Aizawl cut off	infrastructure_and_utility_damage
874275673631621126	RT @Nabaviyyahvoice: Flood Relief and rehabilitation #FloodSL #viyangalla #2017	rescue_volunteering_or_donation_effort
870290639564550144	I added a video to a @YouTube playlist  Sri Lanka Flood 2017 Be Alert. Flood Relief Workers (Tamil)	not_humanitarian
870105459797131264	All Entry / Exit Interchanges in Southern Highway including Matata Godagama now Open. Request Drive Carefully-RDA #LKA #SriLanka #FloodSL	caution_and_advice
878173887871299585	RT @LiveRiceIndex: The U.N. warns that a severe drought followed by floods has affected #rice production in #SriLanka	caution_and_advice
874159197029617664	San Diego-Based USS Lake Erie Assists Flood Victims in Sri Lanka  #news	rescue_volunteering_or_donation_effort
870575329743523840	Death toll has risen to 208. #FloodSL #lka #SriLankaFloods #flood2017	injured_or_dead_people
870907897026367489	@CopernicusEU supports #emergency management and #humanitarian aid not only through @CopernicusEMS but also through #sentinel #OpenData	rescue_volunteering_or_donation_effort
870097524551331840	Retweeted Alok Sharma (@AlokSharma_RDG): Shocked &amp; saddened by the dreadful flooding in #SriLanka. My thoughts	sympathy_and_support
869992643643691008	Sri Lankans donate their lunch packets to people affected by flood. (Video Courtesy @bbcsinhala) @AzzamAmeen #SriLanka #LKA #FloodSL	rescue_volunteering_or_donation_effort
871199321970135041	Today #UNICEF #SriLanka donated 1260 Jerry cans &amp; 1000 tarpaulins to the Ministry of Disaster Management ἰ0 #FloodSL #FloodLK #DisasterRelief	rescue_volunteering_or_donation_effort
870277153987940352	Indian diving and medical teams deployed at Kalutara, Ratmalana n Galle with SL Navy relief opns. #FloodSL @SushmaSwaraj @indiannavy	rescue_volunteering_or_donation_effort
875462598665408512	RT @SurfaceWarriors: #USSLakeErie continue to provide #SriLanka humanitarian aid and assistance in wake of #FloodSL #AroundTheFleet :	sympathy_and_support
872943584424677378	RT @Iyoshan: respect you Skipper @Angelo69Mathews you dedicated this win for the flood victims #SLvsIND #iccchampionstrophy2017 #FloodSL	rescue_volunteering_or_donation_effort
873654240706691073	RT @SteveBowenWx: Latest numbers for Sri Lanka flood event: - 292 dead/missing - 150 injured - 21,205 homes damaged/destroyed - $197M econo	injured_or_dead_people
870514062357970945	RT @RedCrossAU: @SLRedCross is providing relief items &amp; food for those affected by the aftermath of #CycloneMora in #SriLanka 2/2	rescue_volunteering_or_donation_effort
873652760440438784	Imm. rescue and relief Mission accomplished. 3rd Indian Ship INS Jalashwa casts off Colombo #FloodSL @MEAIndia @indiannavy @SushmaSwaraj	rescue_volunteering_or_donation_effort
874018905538392064	RT @gulf_news: Dh367,000 donated to #SriLanka flood relief	rescue_volunteering_or_donation_effort
872412902979928065	I added a video to a @YouTube playlist  Indian aid for flood victims in srilanka / ශ්රී ලංකාව	rescue_volunteering_or_donation_effort
874140449325420544	As flood waters recede, a strong red flag is being waved on the need to watch out for melioidosis #SriLanka	caution_and_advice
870895688091029504	Korean community donate relief goods for the flood victims  via @colombogazette #srilanka #lka	rescue_volunteering_or_donation_effort
873525428136415232	Rs.8 bn &amp;more needed to repair damage caused by floods &amp;landslides in #SriLanka Disaster Management Minister #Priyadharashna in Parliament.	infrastructure_and_utility_damage
870130826469679105	1000s of children &amp; families are affected by the worst flooding in #SriLanka in 50 years! Help us help those affected #Text2Donate #FloodSLἙ8	requests_or_urgent_needs
876228965010198532	RT @ItsYakin: Rs 450 million worth of damage has been caused to schools, affecting 25,000 students &amp; 3,200 teachers in the South by the #Fl	infrastructure_and_utility_damage
879965003989762050	President holds discussion on providing lands to flood victims &gt;&gt;&gt;  #SriLanka #Lands #Floods #Landslides #Victims	other_relevant_information
877915336632279040	RT @Uraidah44: 13 of out of 25 districts in #SriLanka have been affected by #flooding and 3,000 buildings destroyed.	infrastructure_and_utility_damage
878858722373709825	Global hazards @PHE_uk bulletin: #SriLanka #flooding #CycloneMora #Bangladesh #CapeTown #drought &amp; #Moscow storm:	caution_and_advice
870218650707427328	.@DisastersChart: #SriLanka #Flood. #Emergency Response map collecting data from 4 satellites, including #Sentinel2:	other_relevant_information
874647579631517698	RT @ItsYakin: There were 20 floods in #Colombo from 1977 to 2013. 926 houses were damaged, 413,433 people were affected #Fact #FloodSL #lka	infrastructure_and_utility_damage
872049578572492801	Lee Young-ae grants USD 50, 000 as flood relief  #srilanka #LK #lka	rescue_volunteering_or_donation_effort
871403185881190405	No need to pray more !! Help for #Srilanka earn your pleasure by helping who affected from this disaster ὤFὤFὤF #FloodReliefLKA #FloodSL	rescue_volunteering_or_donation_effort
870559191844491264	Hiru TV crew have been approached to the Nilawala interchange in Southern expressway for relive donations #floodSL	rescue_volunteering_or_donation_effort
871148147975659520	RT @TheWatchers_: Deadly 600 mm (23.6 in) of rain within 11 hours floods Taiwan,  #MeiYu #ExtremeRainfall #Storm #T	caution_and_advice
870589965834608640	Early warning, early action save thousands as Cyclone Mora strikes Bangladesh  via @reliefweb #lka #srilanka	caution_and_advice
873160845425086464	President Maithripala Sirisena made an inspection tour in areas affected by #FloodSL &amp; Landslides in Bulathsinhala #LKA #SriLanka	rescue_volunteering_or_donation_effort
870834594274304005	RT @Vidiyallk: #India Govt. responds immediately to #SriLanka Govt request&amp; dispatched 2 ships with relief material Satarday &amp; Sunday #Flo	rescue_volunteering_or_donation_effort
875181223647350789	RT @ItsYakin: The staff members of SriLankan Airlines &amp; Catering once again donated relief goods for the #FloodSL affected districts #lka	rescue_volunteering_or_donation_effort
872330675717844992	Financial donation for flood relief handed over to Secretary  #SriLanka #LK #lka	rescue_volunteering_or_donation_effort
870833935890227201	2nd Indian Ship #INS_शार्दुल reached to #Colombo Port with #FloodSL relief #LKA #SriLanka @IndiainSL @narendramodi @SushmaSwaraj	rescue_volunteering_or_donation_effort
870669452551086081	RT @SucessEnvr: Cleaning wells in Flood affected areas of Praduwa southern Province Srilanka	other_relevant_information
870545587204218880	EU provides 300000 euros to flood-hit Sri Lanka  #news	rescue_volunteering_or_donation_effort
870604344713936897	206 deaths: 92 missing due to floods  #srilanka #LK #lka	injured_or_dead_people
874872959437070338	US$4 million @UNCERF grant allocated to provide immediate needs of 120,000 people #SriLanka #floods #landslides -	requests_or_urgent_needs
870318387712319488	RT @ColomboPageNews: #Australia hands over flood aid to #SriLanka navy #srilanka #FloodSL @AusHCSriLanka  .	rescue_volunteering_or_donation_effort
870193333599064064	Arya Hospital along with Lions International will be conducting a medical camp for the flood affected on 4 June. #FloodSL	rescue_volunteering_or_donation_effort
870512355439812609	EU provides €300 000 to support aid delivery to flood victims  via @colombogazette #srilanka #lka	rescue_volunteering_or_donation_effort
877452472125710336	Thoughts and prayers for those displaced by devastating floods in #SriLanka . Beautiful country facing natures wrath again!	sympathy_and_support
874774391716024320	Honduras - Deadly Floods in Choluteca After 190 mm Rain in 24 Hours  via @Flood_List #lka #srilanka	injured_or_dead_people
871353950657761280	RT @Kavinthans: Two Grama Seva officers arrested for allegedly stealing relief goods received to distribute among affected people in Mata	other_relevant_information
872540655733624839	RT @ItsYakin: #Norway will contribute US$ 1.2 million to the humanitarian relief effort due to #FloodSL and landslides in Sri Lanka	rescue_volunteering_or_donation_effort
871401178713784320	US contributes Rs.350 Mn for SL flood relief - Daily Mirror - Sri Lanka Latest Breaking News and Headlines	rescue_volunteering_or_donation_effort
881390420760174592	RT @iamphoenixrisen: Its been a devastating year for Sri Lanka. My beautiful island. Thoughts and prayers for lost lives. #FloodSL	sympathy_and_support
872099197562101760	#WHO Country Office  : Floods in #SriLanka Situation Report No. 4 (6 June 2017)  #lka #SLFloods2017 #FloodSL	not_humanitarian
869970243241881600	RT @ICGZC: #FloodSL 200+ deaths reported due to floods and landslides in Sri Lanka #lka #HelpSriLanka	injured_or_dead_people
869979073144999936	We at Ramani Fernando Salons are collecting dry rations for the victims of the recent floods. #OneSriLankaProject #FloodSL	rescue_volunteering_or_donation_effort
871985500671836160	From #NPC sittings today;councilors paid two minute silence for those who were killed in Southern floods &amp; prayed speedy recovery #FloodSL	sympathy_and_support
870975486024798208	Chinese ambassador to #SriLanka officially handed over $2.2 million worth of #FloodRelief aid from #China #FloodSL #SriLanka #lka	rescue_volunteering_or_donation_effort
871950014096056320	RT @AmanthaP: When disaster relief became click-bait of the week during #SriLanka #FloodSL, my take -  /	other_relevant_information
873969565322969089	RT @EllieWorldwide: If you want to help Sri Lanka #flood #disaster, please support @TeamRubiconUK - volunteers flying in now. Donate at htt	rescue_volunteering_or_donation_effort
870211955805626368	#Pakistan Navy takes part in flood relief activities in Sri Lanka after flood, PNS Zulfiqar is part it #NewsAlertwithSuperwomen	rescue_volunteering_or_donation_effort
877117138183610368	RT @colombogazette: Bangladesh hands over cash donation for flood relief  via @colombogazette #srilanka #lka	rescue_volunteering_or_donation_effort
869970907569303552	Health Officials Request Public to Drink Boiled Water to avoid Health problems &amp; Diseases that can spread after #FloodSL #LKA #SriLanka	caution_and_advice
874152848350740481	US Navy ship USS Lake Erie arrives in Sri Lanka on flood relief mission -  #GoogleAlerts	rescue_volunteering_or_donation_effort
874191110251438080	Latest snapshot features ongoing conflict in #Philippines #Myanmar &amp; #Indonesia #SriLanka #floods #landslides -	other_relevant_information
877452660626137088	#Flooding &amp; landslides triggered by monsoon rains kill 100, force 20,000 from their homes in #SriLanka. Military called in for #Rescue ops	injured_or_dead_people
871963440625201152	Korean actress Lee Young-ae know as ‘Changumi’ made a contribution of USD 50,000 to support flood relief efforts in Sri Lanka	rescue_volunteering_or_donation_effort
877879836408111104	RT @TimSuttonUNICEF: Good to see supplies from #chinaaid reaching the most badly affected areas from #FloodSL	rescue_volunteering_or_donation_effort
872097456472948736	US contributes Rs350 mln for Sri Lanka flood relief	rescue_volunteering_or_donation_effort
870234130033901568	#srilanka will be #grateful #ThankYou	sympathy_and_support
874613656381644801	RT @nadun__rodrigo: In 1972 Sri Lanka donated Ceylon Tea to aid American victims of Hurricane Agnes. No one has ever become poor by giving.	rescue_volunteering_or_donation_effort
870664392357986304	Thank you ἰF #SriLanka is #grateful to everyone that has extended #assistance and #kindness to us over the past week.	sympathy_and_support
871781890004590596	@USArmy engineers and Reserve Officer Training Corps cadets are cleaning and repairing #FloodSL damaged schools in the #Kalutara district.	rescue_volunteering_or_donation_effort
870256276869181440	RT @Roarlk: #FloodSL: As per DMC numbers at noon today, 203 people have died, while 63 are injured and 96 remain missing after recent disas	injured_or_dead_people
870649749212241921	RT @sanjanah: 24,815 tweets archived to date with #floodsl, #floods17, #floodsl2017 or #slflood hashtags. Unprecedented level of tweeting.	other_relevant_information
870236474427551744	Southern Expressway in #SriLanka, which was closed due to floods, re-opened this afternoon after a drop in the water level.	other_relevant_information
871669134823755776	RT @venura1908: PM @RW_UNP express his concerns about recent floods over the twitter. #lka #FloodSL	other_relevant_information
870193112882135045	#FloodSL situation report as of 0900 hrs, 31.05.2017 - 202 confirmed deaths, 96 still missing, 629,742 people affected. #lka via @dmc_lk	injured_or_dead_people
870258792675647488	Raft capsizes in flood-hit Sri Lanka, kills three  #news	injured_or_dead_people
874467646384852993	RT @ItsYakin: Lulu Group in #UAE donated US$ 100,000 for #FloodSL relief operations. The company is planning to enter our #retail market in	rescue_volunteering_or_donation_effort
873566303545696256	Serendib tea Exports posted a story update on Helping hand to Flood Victims in sri Lanka	rescue_volunteering_or_donation_effort
870581484662476800	#FashionBug, once one of their outlets was burnt by racist groups, has donated clothes to #FloodSL affected people. #FloodReliefLKA #lka	rescue_volunteering_or_donation_effort
870524744184905731	#FloodSL: As per DMC stats this morning, the death toll from recent disasters stands at 206, while 92 people are still missing	injured_or_dead_people
877768844194058240	RT @IndiainSL: 2nd Ship from India INS Shardul offloads all the relief material to aid flood relief operations. #FloodSL	rescue_volunteering_or_donation_effort
876466903061082112	RT @LaibaDOTpk: PNS Zulfiquar reaches flood-hit Sri Lanka with relief goods #disasterrelief #floods #Latest #Pakistan #PakistanNavy #srila	rescue_volunteering_or_donation_effort
875972333814505472	@RavikOfficial @USAmbKeshap to visit the #USSLakeErie to express their appreciation for the flood relief work provided by them #SriLanka	rescue_volunteering_or_donation_effort
872704325704962048	Norway contributes Rs. 180 million to flood and landslide relief in Sri Lanka -  #GoogleAlerts	rescue_volunteering_or_donation_effort
870252373662453761	RT @JohnWRendon: #SriLanka: #China dispatches 3 naval vessels in a #SmartPower activity to assist with the flooding that has taken place.	rescue_volunteering_or_donation_effort
869994061343580160	Worrying start of #Asia #monsoon - #floods in #Srilanka and first #cyclone threatening #Myanmar and #Bangladesh	caution_and_advice
878451128580616192	Severe drought followed by floods have slashed #SriLanka agricultural production  @AlertNet @FAOnews @WFP	other_relevant_information
879580398396866560	Coca-Cola Partners With Sri Lanka Red Cross For Emergency And Long-Term Flood Relief   #news	rescue_volunteering_or_donation_effort
870956435617837056	Lets Show the Sri Lankan Flood Victims Some Love #Flood #SriLanka #Relief #charity #donate	rescue_volunteering_or_donation_effort
870198877101727744	1st part of #FloodSL Relief FoodAID collection over successfully Dear international Organizations Please support for US to help the people	rescue_volunteering_or_donation_effort
870144996875280384	RT @ConvoyofHope: Severe flooding in Sri Lanka has affected more than 150,000 families — we are responding! ὏7: @Tharaka_ at @AP .	rescue_volunteering_or_donation_effort
870164166425718784	3 Ships 5 days 700 personnel Foreign Min. @RavikOfficial thanks India for swift response in rescue and relief opns #FloodSL @SushmaSwaraj	rescue_volunteering_or_donation_effort
873939345459359745	RT @royalsaajid: We were able to reach more than 1000 people around #Kalutara district through our #Medical camps ! #FloodSL #kyf	rescue_volunteering_or_donation_effort
870166809001033728	Death toll from Sri Lankas floods rises to 164; China offers humanitarian aid worth about $2.2 mln for flood relief	injured_or_dead_people
870222606825390080	It is important to ensure #women &amp; #girls have access to #reproductive #health services during emergency situations. #FloodSL #SriLanka	other_relevant_information
873664210928009217	RT @LaibaDOTpk: Floods, landslides kill at least 91 in Sri Lanka #calamity #Latest #monsoon #srilanka #World	injured_or_dead_people
870266891910107137	To help kids affected by #FloodSL, school textbooks/stationery will be collected on Fri. 2 June morn at Bambalapitiya &amp; Kollupitiya stations	rescue_volunteering_or_donation_effort
873111453447864320	We are working to assist communities affected by severe flooding in #SriLanka - support our deployment now:	rescue_volunteering_or_donation_effort
870181865952428032	RT @Tikiri_: We should force the government to be transparent in handling the flood donations from international. #FloodSL	rescue_volunteering_or_donation_effort
870938655971573760	RT @official__sp: Landslide warning 03 june 2017 02.00pm #FloodSL #floods #slfloods #SriLanka	caution_and_advice
870261750301642752	RT @DJLordBuck: #SriLanka struggles to deliver aid to stranded flood victims. Volunteers with boats are providing a lifeline for	rescue_volunteering_or_donation_effort
871209210582904832	RT @TNAMediaTribune: @TNAmediaoffice ITAK delegation handed over relief to those affected by #FloodSL in Ratnapura-pics by: Yarl Theepan ht	rescue_volunteering_or_donation_effort
877920199508455425	Sri Lanka Hit by Worst Flood in Decades  #news	caution_and_advice
870563442331066369	RT @gopiharan: #FloodSL situation report as of 1200 noon, 02.06.2017. Death toll has risen to 208. (via @dmc_lk ) #lka	injured_or_dead_people
873606831528067072	Students of #Venkaram study center in #Ponnalai held religious prayers for recovery of those fellow students who have been affected #FloodSL	sympathy_and_support
877757851657093120	Sri Lanka FM Ravi Karunanayake recivg INS Kirich &amp; crew @ Colombo port which rchd prmptly 2day 4 flood rescue &amp;relief followng PM directive	rescue_volunteering_or_donation_effort
871042444460032000	.@UNSriLanka: $22.7 million needed for life-saving + protection needs of 374,000 ppl #SriLanka #floods #landslides -	requests_or_urgent_needs
873540268661784577	Ready to face dengue spreading in flood-hit districts - Rajitha  #srilanka #news #lka	other_relevant_information
870942928482467841	RT @Tharangawavez: #SriLanka Cricket Players wearing Black arm bands as a marking respect for lives lost in widespread flooding #FloodSL #S	sympathy_and_support
871772028491243520	drought &amp; floods at the same time! No wonder when major forests being cut with government knowledge #lka #SriLanka #WorldEnvironmentDay	not_humanitarian
870243466697113601	RT @UjjwalAcharya: Nepal to provide Sri Lanka US$ 5 million to support #FloodReliefLKA works. #FloodSL has left 194 dead, 99 missing &amp; 8,50	rescue_volunteering_or_donation_effort
870105711329423363	FM @RavikOfficial &amp; Actg HC of @PahicColombo receive PNS ZULFIQUAR with Relief Supplies and will assist SLN with search and rescue #FloodSL	rescue_volunteering_or_donation_effort
872123507961942017	RT @Dailymirror_SL: ‘Changumi’ donates US $ 50,000 for flood relief efforts in #SriLanka	rescue_volunteering_or_donation_effort
870225952680296448	Graduation for 50 #GOVSL Doctors trained on #nutrition in #emergency. They will be in the #FloodSL #Floodlk hit areas from tomorrow.	rescue_volunteering_or_donation_effort
878855642890596352	Sri Lanka : Flood and Landslide Emergency Response  #news	caution_and_advice
872133448663683072	RT @dbsjeyaraj: South Korean Actress Lee Young ae Known in Sri Lanka as Changumi” Donates US 50,000 Dollars for Flood Relief	rescue_volunteering_or_donation_effort
870941166686138370	RT @official__sp: Islandwide water level 03 june 2017 09.30am #slfloods #FloodSL #floods #SriLanka	caution_and_advice
871020935402340353	RT @CeylonMessenger: Death toll from floods, landslides rises to 211 #lka #FloodSL #Flood2017SL #2017	injured_or_dead_people
874992339894358017	RT @NationalJeweler: From donations collected at Vegas GemFair, @agta_gems will be able to give at least $20k to Sri Lanka flood victims ht	rescue_volunteering_or_donation_effort
872302121407983616	Govt. seeks assistance from development partners to rebuild after floods  #lka #srilanka	rescue_volunteering_or_donation_effort
870834244591001600	Indias gift to Sri Lanka in action - 38 Ambulances dedicated in flood areas providing vital pre hospital care @SushmaSwaraj @DrSJaishankar	rescue_volunteering_or_donation_effort
870040060888010752	RT @thamasha1996: My thoughts and prayers are with everyone back home in Sri Lanka affected by the #FloodSL. Stay safe!	sympathy_and_support
874746280777535490	#USSLakeErie arrived in #SriLanka June 11 to render humanitarian aid and assistance in wake of #FloodSL .@USPacificFleet #AroundTheFleet	rescue_volunteering_or_donation_effort
870669703856902144	DEWN (Disaster Emergency Warning Network) GET ALERTS ON DISASTERS TO YOUR SMARTPHONE #SLFLoods2017 #FloodSL #lka #dmclk #FloodReliefSL	caution_and_advice
870512787063160832	More aid is getting through to those affected as #FloodSL waters recede but #health shelter &amp; #water are key needs	requests_or_urgent_needs
873550825410482177	RT @lbolbr: ADB grants USD2 mln as flood relief aid to Sri Lanka #SriLanka #lka #lbo -	rescue_volunteering_or_donation_effort
871936926277918720	Thanks @SLRedCross! Glad our @ArmyROTC cadets and @PacificCommand disaster relief experts could help out. #FloodSL #SriLanka	rescue_volunteering_or_donation_effort
877922758361010177	Immense gratitude to this group of doctors who conducted the medical camp today in flood-affected areas in Ayagama, Ratnapura, #SriLanka.	rescue_volunteering_or_donation_effort
870152565601828864	RT @AmanthaP: APPEAL @SLRedCross running low on medical stocks Gampaha, Matara, Galle #FloodSL those who can help pls contact @Mahieash 077	requests_or_urgent_needs
874460599010414596	RT @ItsYakin: World Food Programme is supporting #FloodSL by providing 22.5/mt Dhal with the support of #Mastercard funding #lka	rescue_volunteering_or_donation_effort
871262274819809281	Sri Lanka appreciates Chinas assistance for flood relief  #srilanka #news #lka	rescue_volunteering_or_donation_effort
877645428031750148	RT @sajeebwazed: PM of #SriLanka thanks #Bangladesh for cash assistance and aid during flood	rescue_volunteering_or_donation_effort
870358146618802176	In #Matara we continue to provide aid &amp; first aid for people affected in the district. Todays focus was towards remote areas. #LKA #FloodSL	rescue_volunteering_or_donation_effort
870281684092145664	#SriLanka #Scouts engaged in the relief efforts after devastating #FloodSL that hit the country earlier this week.	rescue_volunteering_or_donation_effort
875108671646298112	RT @UN_News_Centre: .@UN relief agencies &amp; partners launch urgent appeal in wake of destruction by floods, landslides in #SriLanka /	rescue_volunteering_or_donation_effort
874144817898438656	USS Lake Erie Joins Flood Assistance Efforts in Sri Lanka	rescue_volunteering_or_donation_effort
881550945984942082	RT @poojaxlays: I only know simple things like they sent aid to Sri Lanka after it was hit with a massive flood, and they have good relatio	rescue_volunteering_or_donation_effort
870217230671376384	More than 1 million raised for flood relief so far! from 23 countries @RajanAnandan @anushwij @deshald truly global effort to help #SL	rescue_volunteering_or_donation_effort
870859626799083520	Chinese companies continue assisting Sri Lanka flood victims  #news	rescue_volunteering_or_donation_effort
870520317373857792	GUEST COLUMN by Dinesh Weerakkody: Swift response needed for flood relief to minimise the fallout  #lka #srilanka	requests_or_urgent_needs
870141789667115008	RT @RansaraJey: This guy is building a phone charger with 40 charge ports for flood victims #FloodSL	rescue_volunteering_or_donation_effort
870205250807840768	DMC has given below the process of how the goods received through the ships are distributed to the flood victims. #SLFloods2017 #FloodSL	rescue_volunteering_or_donation_effort
870734259094523906	RT @thatsalih: Flood warning issued out by the DMC! Dated: 3.June.2017 #FloodSL	caution_and_advice
872072643444211713	RT @Roarlk: Over 10 days since disasters struck #lka, the death toll stands at 213, with 79 people still missing #FloodSL	injured_or_dead_people
871425020181872640	@HuffPost 220 + died from flood and landslides in Sri Lanka. Dafuq are our magical tears bish.	injured_or_dead_people
878924495007891458	Japan - SL parliamentary friendship offers flood relief assistance  #srilanka #news #lka	rescue_volunteering_or_donation_effort
875084654403080192	Crew of USS #LakeErie aids relief efforts for those affected by heavy flooding and landslides in #SriLanka	rescue_volunteering_or_donation_effort
870261679778562048	Norway contributes NOK 10 mill to flood response in #SriLanka. More than half a million people affected, more rains to come #FloodSL	rescue_volunteering_or_donation_effort
871383811564720131	After India &amp; Chinas help topeople affected by flood in Srilanka now U.S is helpful! #lka #Srilanka	rescue_volunteering_or_donation_effort
874152648911540224	UAEs Lulu Group donates $100000 for flood relief in Sri Lanka -  #GoogleAlerts	rescue_volunteering_or_donation_effort
873381573017694209	Norway Foreign Minister @borgebrende announces Norway to donate LK 180 million towards relief efforts in #lka	rescue_volunteering_or_donation_effort
870168974390161408	RT @kala_cw: Urgent If someone can provide a vehicle to send some donations to Ratnapura, Please call Saranga 0713589423. #lka #FloodSL	requests_or_urgent_needs
870095473679360000	RT @dw_globalideas: Death toll climbs as #SriLanka recovers from floods and landslides #FloodSL  @UNICEF	injured_or_dead_people
870223400844673025	Sri Lanka Flood Relief - Goods Donation - Appeal by Sri Lanka HighCommission, London  #lka	rescue_volunteering_or_donation_effort
880821113483390976	RT @kingbutterworth: Fundraising Cricket Match for Sri Lanka Flood victims Sun 2nd July@Whitstable CC Raffle prizes BBQ&amp; bar all day Whitst	rescue_volunteering_or_donation_effort
871270153840930817	Galle - Baddegama main road flooded in due the Moragoda Ela water level reached flood level in Dangedara area.#SriLanka #LKA #srilanka #lka	caution_and_advice
871474027445071872	Mr Jolly, Whybird, Peggy and Poppy are helping the people in Sri Lanka who were affected by the flood.	rescue_volunteering_or_donation_effort
874908402580942848	#FloodSL: as a welfare initiative UNFPA #SriLanka staff provided relief items to a an affected school in Kalutara:	rescue_volunteering_or_donation_effort
871270414844035074	RT @Lions306C2: Flood Relief program by Lions District 306 C2 at Ayagama. #Lions306C2 #FloodSL #Ayagama #Lions100 #SriLanka #Lka .	rescue_volunteering_or_donation_effort
871223047994224641	Chinese ambassador to Sri Lanka official handed over $2.2 million worth of flood relief aid from China #FloodSL #SriLanka #lka	rescue_volunteering_or_donation_effort
871640447155937280	WFP provides assistance for Flood and Landslide victims  #srilanka #LK #lka	rescue_volunteering_or_donation_effort
878783824376856576	Health camps continue in rural #SriLanka where #floods devastated regions in order to avert another crisis. #LKA #SriLanka #Zhongtian	other_relevant_information
871208081119752192	Sri Lanka Flood situation 194 dead, 99 missing, 8,500 house destroyed. cleaning process has began in many areas #FloodSL #SriLanka	injured_or_dead_people
878336710077292546	This amazing fundraiser has raised over £1,000 for our flood relief campaign for families in Sri Lanka #SriLankaFloods	rescue_volunteering_or_donation_effort
870483852656955392	RT @AmanthaP: Serious concerns on outbreak of waterborne diseases (dengue, cholera) after #SriLanka #FloodSL - @SLRedCross	other_relevant_information
876316720109060097	Were helping thousands of injured, starving, and vulnerable animals in #SriLanka, following floods and landslides:	rescue_volunteering_or_donation_effort
870948199061741569	RT @MitKat_Advisory: #SriLanka: #Floods and #landslides death toll rises to 208; #thundershowers expected in South western parts of Sri La	injured_or_dead_people
870600107049222144	BERNAMA - 1.3 Million Children Desperately Need Help After Cyclone Mora  #lka #srilanka	requests_or_urgent_needs
871670646127853568	On June 3, a #Chinese cargo plane carrying emergency humanitarian relief arrives in #SriLanka hit by floods and landslides earlier this week	rescue_volunteering_or_donation_effort
870988094287302656	Foreign Minister #RaviKarunanayake, Minister of Dist. Mgmt &amp; Amb. of China receive flood relief items at BIA #ForeignAffairs #FloodSL #lka	rescue_volunteering_or_donation_effort
874141754940772352	ADB approves $2 million grant for flood and landslide relief in Sri Lanka -  #GoogleAlerts	rescue_volunteering_or_donation_effort
872565986762903556	Our ER team is assessing health needs in #SriLankas Matara District where flooding was chest high &amp; 44 hospitals damaged @Americares	rescue_volunteering_or_donation_effort
876540569606029312	Just a few days into #Ramadan #SriLanka has been overtaken by severe floods and mudslides, see how IRUSA is helping-	other_relevant_information
870613784888475649	Restart family packs for those returning home - money or cash donations can be dropped off at Anim8, Thimbirigasyaya. #FloodSL #LKA	rescue_volunteering_or_donation_effort
871653148196315136	Floods bring with them the potential of illnesses spreading - but precautions can be taken #FloodSL	caution_and_advice
870532773194244096	RT @adaderana: Program to issue ID cards to flood victims Read more:  #lka #srilanka	other_relevant_information
869981994540646400	@fernandoharin @SriLanka Can you all at Parliament donate your one month salary to flood victims?	not_humanitarian
873506783591116800	Japanese Disaster Relief Expert Team presented its Final Report on the #FloodSL &amp; landslides caused by the heavy rainfall in #Srilanka #lka	other_relevant_information
870340859581136900	Rotaract Club of IIT has organized a Flood Relief Donation Camp. Let us be their sunshine during this rain #FloodSL #Rotaract3220 #RACIIT	rescue_volunteering_or_donation_effort
874502414375698432	God bless our @USNavy sailors for their compassion &amp; help to people all around the world. They truly are an American force for global good.	sympathy_and_support
872369410564141057	Medical &amp; eye care camp for flood effected people of Akuressa #LankaIOC #WeCare #SriLanka #FloodsSL #FloodSafety	rescue_volunteering_or_donation_effort
870100606421147648	ἰF Please donate funds for #SriLanka ἟1἟0Worst flooding since 2003. Go to #RedCross Need #HelpforSriLanka #lka #SriLankaFloods #GlobalVillage	rescue_volunteering_or_donation_effort
871044406303875073	RT @sandunarosha: @USAmbKeshap met @MaithripalaS and pledged Rs.350 million assistance to people affected by #FloodSL @USEmbSL #lka #sril	rescue_volunteering_or_donation_effort
871744220104728576	.@UNSriLanka on #SriLanka #floods #landslides: increase in no. of damaged houses, 22,000 ppl still in safe sites	infrastructure_and_utility_damage
870144512844345344	#srilanka disaster authorities failed 2 issue early warnings for storm that killed 202 people  by @AmanthaP #FloodSL	injured_or_dead_people
870530990590111744	RT @SriLankaMirror: #EU allocates €300,000 as flood relief #lka #SriLanka @EU_in_Sri_Lanka	rescue_volunteering_or_donation_effort
870589481862258688	Cyclone Mora: Snapped power lines, poor network in several North-Eastern states  via @scroll_in #lka #srilanka	infrastructure_and_utility_damage
870511250429456390	Rathnapura, Galle, Matara, and Kalutara are among the worst affected regions - IOM teams conducted rapid assessments earlier this week	other_relevant_information
877124359478927360	Donation from #Bangladesh to assist the recent #floodSL victims handed over to President @MaithripalaS by @bdhcsl	rescue_volunteering_or_donation_effort
871048132406194176	RT @SriLankaTweet: Air China Cargo Plane carrying Flood Relief items from China arrived at BIA #LKA #SriLanka #FloodSL	rescue_volunteering_or_donation_effort
870230338634739712	#Muslims from Porvai, a village near the #Akuressa cleaned the #Buddhist temple in the area which affected by recent #floodSL #AntiRacismlk	not_humanitarian
871018722432925696	Death toll from floods and landslides rises to 224  via @colombogazette #srilanka #lka	injured_or_dead_people
876325889654521856	Goup of @Khalsa_Aid is offering food,medications and drinking water in flood-hit locations in#SriLanka great initiative taken by them.#Sikh	rescue_volunteering_or_donation_effort
870625024239120386	EU provides Euro 300 000 as flood donations  #srilanka #LK #lka	rescue_volunteering_or_donation_effort
871273497481367552	RT @PeninsulaQatar: #SriLanka Embassy in #Qatar seeks donations for flood victims  #Doha #SriLankaFloods .	rescue_volunteering_or_donation_effort
871224265781133312	RT @sanjanah: After 1 week, 28,237 tweets with #floodsl, #floods17, #floodsl2017 or #slflood hashtags. Total over 3 weeks in 2016 was 5,102	other_relevant_information
871091195346288640	RT @NorbertElekes: May, 2017 - Macron elected - FBI director fired - Sri Lanka flood - Syria - Manchester - Trump overseas trip - NATO &amp; G	not_humanitarian
870139980277886977	150+ deaths 100,000+ affected.What pisses me off is that, for Manchester attack where 22 died the world is still crying.For this? #SriLanka	injured_or_dead_people
870568722104066049	#FashionBug donated clothes to more than 10,000 #FloodSL affected people in Ratnapura&amp;Matara districts #FloodRelif	rescue_volunteering_or_donation_effort
879534428611117056	In 2011, our disaster relief team helped 700 calves affected by #flooding in #SriLanka You can help again:	rescue_volunteering_or_donation_effort
869955629607079936	RT @UNICEF: #SriLanka: Race to rescue flood victims as toll rises, women &amp; children are particularly affected #FloodSL @AJENews	rescue_volunteering_or_donation_effort
873707759283437569	Puravesi Athwela, special Train carrying #FloodSL Relief goods from North to South, reach Matara Today ! #LKA #SriLanka #Tamil	rescue_volunteering_or_donation_effort
876508510627954688	RT @acgee: @republic @kkalpu N cricketers kept silence be4 match in mem of Sri Lanka flood effected ppl but forgot our own martyrs!	not_humanitarian
871726459651543040	RT @cartoonlka: Mawbima cartoon by MD Weeraratne #lka #SriLanka #FloodSL #FloodReliefLKA #FloodRelief	not_humanitarian
877822080636649473	#SriLanka paddy harvest suffers 40% losses, 900,000 face food insecurity due to drought/floods - new @FAOnews @WFP study	other_relevant_information
870566992281034752	100 killed, hundreds missing, 500K people in 14 districts effected from floods in Sri Lanka. We need ya help #FloodSL #PrayForSriLanka	injured_or_dead_people
870259222168178688	RT @worldscouting: .@AhmadAlhendawi via Skype to #SriLanka #Scout #FloodSL relief team: You are not alone, all #Scouts stands with youhtt	sympathy_and_support
870561572938231808	RT @SenukaHansana: #FloodSL If you feel sympathy for people that died and became homeless in the Sri Lankan floods please like and share	requests_or_urgent_needs
871693566791307265	Schools re-open in Western Province after floods! Southern Province too recovering back to normalcy :) #BacktoSchool #SriLanka #FloodsSL	other_relevant_information
871807985353359360	Flood Relief Campaigns from Sri Lanka Scouts #Medical Clinics+Donation	rescue_volunteering_or_donation_effort
877896930466156549	We raised £3225,37 for the Sri Lanka floods but there’s still more to be done and we are counting on your support..	rescue_volunteering_or_donation_effort
870677528138072064	RT @RefugeesMedia: Cyclone Mora: Urgent shelter needs in Bangladesh, Myanmar -- @refugees Our latest:	requests_or_urgent_needs
871666028228554752	Caution! Crocodiles spotted in the #FloodSL affected areas. Cartoon by @awanthaartigala #lka #SriLanka #SriLankaFloods #FloodReliefLKA	caution_and_advice
870212834210312192	Israel, Jewish group provide emergency aid to flood-stricken Sri Lanka: Hundreds killed, thousands displaced  JPost	rescue_volunteering_or_donation_effort
870595597694148608	#Colombo - we need your help for Gammadda this weekend by @NewsfirstSL | Get all the details here:  #FloodSL	requests_or_urgent_needs
879711392550596608	Floods and landslides in the south-western parts of #SriLanka caused: ➨deaths ➨displacements ➨infrastructure damage	injured_or_dead_people
870206805816639489	Please Support to us for #FloodSL #relief @AusHCSriLanka @GermanyinSL @joern_rohde @medreliefuk @Aus_Int_Aid @RedCrescentTR @krcs_org_kw	rescue_volunteering_or_donation_effort
877915693269753856	RT @Uraidah44: .@UNICEFUSA is currently providing emergency shelter, sanitation, and education services to those affected by #SriLanka #flo	requests_or_urgent_needs
870880990280994816	Were looking for more volunteers for Gammadda tomorrow. Details here:  @NewsfirstSL #FloodSL #FloodReliefSL #lka	rescue_volunteering_or_donation_effort
870305091013808128	RT @aruntambimuttu: Heartfelt gratitude to all who continue to support ἟1἟0 #SriLanka in her hour of need #FloodRelief #FloodSL #Flood2017 #S	sympathy_and_support
873241196843470849	RT @ItsYakin: China Geo Engineering Corp donated Rs 500,000 to assist #FloodSL and landslides affected people #lka	rescue_volunteering_or_donation_effort
870589078479134721	Visited the Milleniya DS in Kalutara with donations we received from our friends. #lka #SriLanka #FloodSL #flood2017 #HelpSriLanka #DMC	rescue_volunteering_or_donation_effort
869967624435900417	At least 200 people have been killed and 600,000 displaced in Sri Lankas flash flood disaster	injured_or_dead_people
871525236965085185	American People Contribute LKR 350 Million for Sri Lanka Flood Relief  #news	rescue_volunteering_or_donation_effort
870251983969583104	RT @mycents: #srilanka needs your #help. Every cent goes a long way.  Refer to #donate online section. #SriLankaFloo	requests_or_urgent_needs
873913234042085377	RT @ColomboPageNews: USS Lake Erie arrives in #SriLanka on flood relief mission @USNavy @PacificCommand	rescue_volunteering_or_donation_effort
871039482341883904	Anyone need water for relief efforts? There is some excess supply of 500ml bottles left to distribute. Plse contact 0773782398. #FloodSL	rescue_volunteering_or_donation_effort
870241412851408897	NBRO has extended the landslide early warning if rainfall continues in the next 24 hours. Effective from 1300 hrs, 01.06.2017 #FloodSL	caution_and_advice
870142270552649732	Three Chinese naval ships arrive in Sri Lanka to assist in flood relief -	rescue_volunteering_or_donation_effort
872157204023062528	Our vet response teams are working in flood-stricken areas of SW Sri Lanka, saving the lives of thousands of animals	rescue_volunteering_or_donation_effort
873040627050594305	@Angelo69Mathews and team dedicate the last night win to flood victims of Sri Lanka	rescue_volunteering_or_donation_effort
881797407947796480	RT @MohamedNasheed: Our thoughts are with the victims and displaced families effected by #FloodSL. Commend the ongoing relief effort. #SriL	sympathy_and_support
872379270810742785	The reception at the Disaster Management Ministry still has piles of relief supplies/donations for #FloodSL #lka #SriLanka	rescue_volunteering_or_donation_effort
869980336968617991	RT @britishasiantst: Concern mounts for those displaced by #srilanka floods-Thoughts with all affected, partners &amp; emergency responders htt	sympathy_and_support
870822568609153024	TV channels race to rescue the #FloodSL victims. Cartoon by Namal Amarasinghe #lka #SriLanka #SriLankaFloods #FloodRelief #FloodReliefLKA	rescue_volunteering_or_donation_effort
870506769516183554	Australia hands over flood aid to Sri Lanka navy SL must further develop ties with Australia in education field	rescue_volunteering_or_donation_effort
870184188342829056	RT @PrasenjitDas_: Pray For SriLanka Death toll in #SriLanka #floods rise to 126.	injured_or_dead_people
870952752607711232	So we have more Urgent needs so please help us collect the following to complete our restarter packs! #FloodSL #KindnessCollective	requests_or_urgent_needs
870298761204912128	These items will go into family packs for those returnong home. You can still drop off donations at Anim8, Thimbirigasyaya. #FloodSL #lka	rescue_volunteering_or_donation_effort
871426435965210626	More aid distribution took place in Elapatha DS, #Rathnapura for people affected by floods. Donations made by Manusath Derana #LKA #FloodSL	rescue_volunteering_or_donation_effort
871393537249734660	Surely, highly profitable @dialoglk can absorb 12% service charge? WHY must telco profit from public donations for #FloodSL #FloodRelief?	not_humanitarian
879999917191700480	USD 100,000 grant from UAE for Sri Lankan flood victims &gt;&gt;&gt;  #SriLanka #UAE #Floods #Landslides #Victims	rescue_volunteering_or_donation_effort
873387351619325952	RT @donstanley72: Economy crisis, Now Srilanka depending on the Flood donations.	other_relevant_information
870523179776618496	Recurring #SriLanka floods, landslide highlight lack of preparation  #lka #colombo	not_humanitarian
870685097048985601	Thank You Maldives ! Special Envoy of President of Maldives hands over Financial Assistance to #SriLanka #FloodSL Relief #LKA	rescue_volunteering_or_donation_effort
870140092597325825	.@Google helps #SriLanka Donate to the Center for Disaster Philanthropy to support #FloodSL. The nonprofit will receive 100% of all proceeds	rescue_volunteering_or_donation_effort
870108126766395392	So #SriLanka is grappling with a #drought in North &amp; massive floods in South? #Disaster response needed on BOTH fronts! #FloodSL @bbcsinhala	requests_or_urgent_needs
870085868912037888	RT @Aline_Carr: #SriLanka - Pakistan Navy assisting in rescue and relief. #floodSL #LKA #SLflood2017 #HADR #hmrd	rescue_volunteering_or_donation_effort
870136795425640448	Grave #flood situation in #SriLanka is very disturbing. We hope n pray, more and more lives are saved and things improve. #SriLankaFloods	sympathy_and_support
871227702845591553	RT @ItsYakin: The Road &amp; Development Authority (RDA) estimates that over Rs 6 billion would be required to rebuild damaged road networks #F	infrastructure_and_utility_damage
870500670440325120	RT @NigelHSpence: .@ChildFundAU is supporting ChildFund #SriLanka response to devastating floods. Creating safe places for children displac	rescue_volunteering_or_donation_effort
873946068563755012	RT @USEmbSL: Welcome #USSLakeErie to #SriLanka for #FloodSL humanitarian assistance. @PacificCommand @USPacificFleet	rescue_volunteering_or_donation_effort
871946400531140608	RT @mkarimbd: Bangladesh has decided to provide a cash assistance of US $ 500, 000 to support the victims of recent flood and landslides in	rescue_volunteering_or_donation_effort
871032731697860608	Dry rations packs for Flood victims from friends in France. #DHSL @ Matara,Sri Lanka මාතර.	rescue_volunteering_or_donation_effort
872714386133090304	RT @iomkingston:  - IOM to Assist Sri Lanka Flood and Landslide Victims in Worst Affected Areas	rescue_volunteering_or_donation_effort
871192926872899584	Chinese cargo plane delivers relief to flood-hit Sri Lanka where 211 people have been killed in floods, landslides	injured_or_dead_people
870425266744590337	Historic incidents of number of people affected by floods and landslides! this graph has a strong story. Source:@DayarathneSa #LKA #FloodSL	other_relevant_information
869984764933136384	Beautiful! Animal rescue among @IndianNavy diving teams duties during flood relief ops with Lankan Navy in Sri Lanka.	rescue_volunteering_or_donation_effort
875551866687545344	#PhotoOfTheDay: @USNavy Sailors from #USSLakeErie deliver sanitation packs to the Mallika Nawodya School in Galle during #FloodSL assistance	rescue_volunteering_or_donation_effort
871882187406286848	Bangladesh donates US $500000 for Sri Lanka flood victims  #news	rescue_volunteering_or_donation_effort
870882107509354496	Showing Support for the Flood Victims. #FloodVictims #Floodrelief #Vantage #Srilanka	sympathy_and_support
870611373268578305	Australian flood aid handed over to the SL Navy  #srilanka #LK #lka	rescue_volunteering_or_donation_effort
873514186319507456	Disaster Management Centre (DMC) report presented overall figures: 600,000 affected by floods, 850,000 affected by drought in #SriLanka.	other_relevant_information
870018981658099712	RT @NewPakistan2020: I Will be sending food packs and tents to #SriLanka&amp;Bangladeshs floods, 100000s Pakistanis gatherings supplies for	rescue_volunteering_or_donation_effort
874290565583560704	Flood-affected people need economic empowerment  #SriLankan #FloodSL #colombo #politics #lka #relief	other_relevant_information
870982040467914752	RT @Sthumoe: Omar Farukh, a community leader in Kutapalong camp,said conditions were dire: Now we are in the open air.”	other_relevant_information
877551752140161029	RT @UoNSU_President: Thank you very much to all those who supported for the devastating floods in Sri Lanka #floodsl #lka	sympathy_and_support
871054184715624448	Victims from floods has doubled from last year. Necessary steps must be taken immediately.  #ClimateChangeIsReal	other_relevant_information
872209745653923842	We sustained stationary material to 440 kids in flood-hit #SriLanka to support their schools. Moreover, 250 food packs were distributed.	rescue_volunteering_or_donation_effort
871998638838476801	Popular Korean actress donates to flood hit Sri Lanka	rescue_volunteering_or_donation_effort
869978688162471936	@fernandoharin @SriLanka Are you donate anything for flood victims. You politicians go to the real situ and help. You all represented people of this country.	not_humanitarian
872094191773528065	A #Pakistan NGO, @Info_ALKHIDMAT provided the #FloodRelief to the tune of US$25,000 to the recent #FloodSL &amp; landslides victims in #lka	rescue_volunteering_or_donation_effort
879256131570470912	A sustainable fair trade supplier whose goods are made in Sri Lanka are requesting donations of clothes etc. Follow the link if you can help	rescue_volunteering_or_donation_effort
871010379979255808	#US Ambassador @USAmbKeshap met President @MaithripalaS &amp; pledged Rs.350 million assistance to people affected by #floodSL &amp; landslides	rescue_volunteering_or_donation_effort
877939103257554944	Were currently in #SriLanka helping thousands of #animals affected by floods and landslides:  ❤️ὁ5἟1἟0	rescue_volunteering_or_donation_effort
870186160554889216	RT @ColomboPageNews: #Norway to provide US$ 1.2 mn (NOK 10 mn) to #SriLanka for #FloodSL and landslide relief @tgaustadsaether	rescue_volunteering_or_donation_effort
870589210352156673	RT @EU_in_Sri_Lanka: EU provides LKR 51 million in humanitarian funding to support victims of #FloodSL  @ECHO_Asia	rescue_volunteering_or_donation_effort
870604487056076800	Can be outbreak several plague due contaminated water in flooded aera Be careful. #floodSL	caution_and_advice
870892519390720001	EU provides satellite maps and €300 000 for humanitarian aid delivery to flood victims in #SriLanka:  #SriLankaFloods	rescue_volunteering_or_donation_effort
872444513008201728	RT @Joan_ned: Glad to announce Netherlands Red Cross will contribute €200.000 to IFRC appeal to support victims #FloodSL @SLRedCross @Fede	rescue_volunteering_or_donation_effort
874756809915064320	Work continues for our team in #SriLanka, working alongside communities affected by recent flooding. Support them:	rescue_volunteering_or_donation_effort
871080008105816065	Heartbreaking numbers from the situation in Sri Lanka. Lord, give wisdom to those working to aid and bring comfort to all.	sympathy_and_support
878336416656306176	RT @RosieMayHome: Flood Victims in Sri Lanka Need Help Desparately:  via @YouTube	requests_or_urgent_needs
875725184573026304	RT @WFPGovts: Thank you #Italy἞E἟9 for supporting WFP efforts to help the people affected by floods and landslides in #SriLanka ἟1἟0 .	rescue_volunteering_or_donation_effort
870876115434299392	First phase of the @IMCD_officials #FloodRelief program is over. Please direct dry ration donations to Rathmalana Air Force Camp. #FloodSL	rescue_volunteering_or_donation_effort
870244098338377728	RT @Panhinda: A new website collecting information on #relief requirements and providers. #lka #srilanka #SLFloods2017 #FloodSL	rescue_volunteering_or_donation_effort
879968138896527360	RT @unamccauley: Extreme #drought &amp; #floodsl push close to 900,000 people into hunger in #SriLanka	other_relevant_information
870968601020432385	RT @s3xyAtom: 2nd phase of contributions..Retweet and help us #FloodSL	requests_or_urgent_needs
870208930206670849	There are 700 pregnant women in Millaniya (Kalutara) affected by #FloodSL. They require bed jackets, lungis &amp; milk powder. #LKA #SriLanka	requests_or_urgent_needs
872065485680119808	Now where is the Aid for these people? Is our SL govt &amp; the people blind to the hardships these people face? #FloodSL @Pami1090	not_humanitarian
870367444400996352	Ὢ8EMERGENCY APPEAL Ὢ8 We are raising money for the schools affected by the floods in #SriLanka! For more info:	rescue_volunteering_or_donation_effort
869952624593915904	RT @Vidiyallk: Rescue &amp; Relief Activities by #Pakistan Navy Teams in #SriLanka #lka #floodSL #FloodRelief	rescue_volunteering_or_donation_effort
873766768715513858	UAE-based retail giant donates Dh367,000 to flood relief  #srilanka #news #lka	rescue_volunteering_or_donation_effort
873507130816516098	Puravesi Athwela humanitarian train travelled from North to South of #SriLanka carrying relief goods for the flood victims in the South.	rescue_volunteering_or_donation_effort
871231357741125633	RT @Rosy_Senanayake: Flood Relief. #FloodSL #RosySenanayake #SriLanka #lka	rescue_volunteering_or_donation_effort
870097513096794112	RT @AlokSharma_RDG: Shocked &amp; saddened by the dreadful flooding in #SriLanka. My thoughts are with the Sri Lankan people and those affected	sympathy_and_support
870261681615765504	&gt;100 000 families affected by #SriLanka floods. Situation likely to worsen as more rain expected. WHO &amp;἟1἟0 gov. work to deploy medical teams	other_relevant_information
870680149812944897	The #SlGovernment has released Rs. 166,541,000.00 (166 M) for flood relief as of today 2Jun2017 @dmc_lk #SLFloods2017 #FloodSL #dmclk #lka	rescue_volunteering_or_donation_effort
871616366096396288	Representatives from the Colombo Port City Company assisting Sri Lanka flood victims. Read More:	rescue_volunteering_or_donation_effort
872135440811397120	RT @gixerjohn1: Thats me off to Sri Lanka for fourteen days on a humanitarian flood relief , see you when i return . #TeamRubicon #TeanVS	rescue_volunteering_or_donation_effort
878060510448570368	#UNFAO &amp; WFP publish Crop &amp; #FoodSecurity Assessment Report on #SriLanka as #food was hit by #drought and floods	other_relevant_information
869970481465536512	Government opens bank accounts to facilitate cash donations to help flood disaster victims - Finance Ministry #Flood2017 #FloodSL	rescue_volunteering_or_donation_effort
871061141635571712	US pledges RS 350 million flood aid to srilanka #FloodSL #SriLanka #FloodRelief	rescue_volunteering_or_donation_effort
870455468778541056	@Vidiyallk @SriLanka @srilankanavy @AusHCSriLanka @RavikOfficial Better keep those in @dmc_lk inventory, making sure no 0 for rescue boats next time #FloodSL #slfloods	rescue_volunteering_or_donation_effort
870471509059317760	7 Ships belonging to India, Pakistan &amp; China has arrived in Colombo Port with relief teams &amp; materials #FloodSL #LKA #SriLanka	rescue_volunteering_or_donation_effort
870833926574616577	IndianNavy n SL Navy joint medical camp n flood relief operations @ Nagoda Hospital, Kalutara @SushmaSwaraj @indiannavy @ANI_news #FloodSL	rescue_volunteering_or_donation_effort
880755879099985920	RT @drallenbaby: Cyclical idea: Tea prices to go up..Kenya production down one third.Srilanka floods. Prices going up. Play the trend	other_relevant_information
871980551472693248	South Korean Actress Lee Young-ae, ‘Changumi’ in Sujatha Diyani has donated US $ 50,000 to #FloodSL Relief efforts #SriLanka -DM #LKA	rescue_volunteering_or_donation_effort
872340003032104960	Flood donations granted under North-South Brotherhood  #SriLanka #LK #lka	rescue_volunteering_or_donation_effort
870177938620243969	#Inspiring Naval diving teams rescue a dog while undertaking flood relief ops in Sri Lanka. IN &amp; SLN teams focussing on Western Province now	rescue_volunteering_or_donation_effort
870510020911169540	Norway to provide US$ 1.2 million to Sri Lanka for flood and landslide relief : Aid must be directly sent to SL government not UN agencies	rescue_volunteering_or_donation_effort
870461122167676928	RT @NewsArmageddon: Sri Lanka deploys more troops as #flood toll climbs to 180 - Thousands of Sri Lankan troops battled Monday to ht	other_relevant_information
